Time,data
2022-01-17 15:47:31,1064959905579830000 
2022-01-17 15:47:51,1064956826088280000 
2022-01-17 15:48:01,1064956899102720000 
2022-01-17 15:48:11,1064955537598090000 
2022-01-17 15:48:21,1064955967094820000 
2022-01-17 15:48:31,1064952101624250000 
2022-01-17 15:48:41,1064949168161590000 
2022-01-17 15:48:51,1064946874649050000 
2022-01-17 15:49:02,1064944370683120000 
2022-01-17 15:49:11,1064941505939930000 
2022-01-17 15:49:22,1064939289736810000 
2022-01-17 15:49:31,1064936712756430000 
2022-01-17 15:49:41,1064934775726180000 
2022-01-17 15:49:51,1064932701256970000 
2022-01-17 15:50:01,1064928835786410000 
2022-01-17 15:50:11,1064925829309300000 
2022-01-17 15:50:21,1064923681825650000 
2022-01-17 15:50:31,1064923037580550000 
2022-01-17 15:50:51,1064920031103440000 
2022-01-17 15:52:07,1064911226420480000 
2022-01-17 15:52:08,1064909650167480000 
2022-01-17 15:52:11,1064908292957820000 
2022-01-17 15:52:21,1064907146201550000 
2022-01-17 15:53:33,1064904856983980000 
2022-01-17 15:54:15,1064905144746790000 
2022-01-17 15:54:15,1064906145474170000 
2022-01-17 15:54:15,1064904569221170000 
2022-01-17 15:54:15,1064882308405670000 
2022-01-17 15:54:16,1064886745106880000 
2022-01-17 15:54:16,1064895837552650000 
2022-01-17 15:54:16,1064892474593260000 
2022-01-17 15:54:16,1064898126770220000 
2022-01-17 15:54:16,1064901919226350000 
2022-01-17 15:55:20,1064866202278300000 
2022-01-17 15:56:25,1064851096878320000 
2022-01-17 15:56:25,1064852101900670000 
2022-01-17 15:57:29,1064845801183650000 
2022-01-17 15:57:29,1064845942917570000 
2022-01-17 15:58:33,1064857324580900000 
2022-01-17 15:58:33,1064854532852160000 
2022-01-17 15:59:38,1064849954417020000 
2022-01-17 16:00:42,1064845015204630000 
2022-01-17 16:00:42,1064846801911030000 
2022-01-17 16:01:46,1064845513420840000 
2022-01-17 16:02:51,1064844727441820000 
2022-01-17 16:02:51,1064844727441820000 
2022-01-17 16:02:51,1064844727441820000 
2022-01-17 16:02:51,1064844727441820000 
2022-01-17 16:02:51,1064842936440460000 
2022-01-17 16:02:51,1064844727441820000 
2022-01-17 16:03:59,1064844727441820000 
2022-01-17 16:03:59,1064844727441820000 
2022-01-17 16:03:59,1064844727441820000 
2022-01-17 16:03:59,1064844727441820000 
2022-01-17 16:03:59,1064844727441820000 
2022-01-17 16:03:59,1064844727441820000 
2022-01-17 16:04:00,1064844727441820000 
2022-01-17 16:05:48,1064844727441820000 
2022-01-17 16:06:04,1064844727441820000 
2022-01-17 16:07:09,1064844727441820000 
2022-01-17 16:07:09,1064844727441820000 
2022-01-17 16:07:09,1064844727441820000 
2022-01-17 16:07:09,1064844727441820000 
2022-01-17 16:07:09,1064844727441820000 
2022-01-17 16:07:09,1064844727441820000 
2022-01-17 16:08:13,1064844727441820000 
2022-01-17 16:08:13,1064844727441820000 
2022-01-17 16:09:18,1064844727441820000 
2022-01-17 16:10:22,1064860258043560000 
2022-01-17 16:11:26,1064860258043560000 
2022-01-17 16:12:30,1064850169165390000 
2022-01-17 16:13:36,1064846088946460000 
2022-01-17 16:14:39,1064856538601890000 
2022-01-17 16:14:39,1064848807660760000 
2022-01-17 16:14:39,1064851242907210000 
2022-01-17 16:14:39,1064847162688280000 
2022-01-17 16:14:39,1064846015932010000 
2022-01-17 16:14:39,1064846372414300000 
2022-01-17 16:15:44,1064854820614970000 
2022-01-17 16:15:44,1064854103355430000 
2022-01-17 16:16:48,1064856822069730000 
2022-01-17 16:17:52,1064854103355430000 
2022-01-17 16:18:57,1064861048317540000 
2022-01-17 16:18:57,1064860545806370000 
2022-01-17 16:18:57,1064857754077630000 
2022-01-17 16:18:57,1064857324580900000 
2022-01-17 16:18:57,1064855035363330000 
2022-01-17 16:18:57,1064854605866600000 
2022-01-17 16:20:01,1064854678881050000 
2022-01-17 16:20:01,1064856753350250000 
2022-01-17 16:21:06,1064870282497240000 
2022-01-17 16:21:06,1064867349034570000 
2022-01-17 16:22:10,1064890254095170000 
2022-01-17 16:23:19,1064900630736160000 
2022-01-17 16:23:19,1064902782514770000 
2022-01-17 16:24:35,1064914447645960000 
2022-01-17 16:25:39,1064928191541310000 
2022-01-17 16:25:39,1064926258806030000 
2022-01-17 16:26:28,1064947806656960000 
2022-01-17 16:26:28,1064944868899320000 
2022-01-17 16:27:32,1064965703785680000 
2022-01-17 16:27:32,1064965274288950000 
2022-01-17 16:28:36,1064971428977090000 
2022-01-17 16:28:36,1064969569256250000 
2022-01-17 16:29:41,1064984386893420000 
2022-01-17 16:29:41,1064987032593280000 
2022-01-17 16:30:45,1064998272522690000 
2022-01-17 16:30:45,1064996412801860000 
2022-01-17 16:31:50,1064986676111000000 
2022-01-17 16:31:50,1064987964601190000 
2022-01-17 16:32:54,1064982093380900000 
2022-01-17 16:32:54,1064982381143710000 
2022-01-17 16:33:58,1064988896609100000 
2022-01-17 16:35:03,1064997696997090000 
2022-01-17 16:35:03,1064997340514800000 
2022-01-17 16:36:07,1064996984032520000 
2022-01-17 16:36:07,1064996627550230000 
2022-01-17 16:37:12,1064997555263170000 
2022-01-17 16:38:16,1064989824322030000 
2022-01-17 16:38:16,1064989609573670000 
2022-01-17 16:39:20,1064999058501710000 
2022-01-17 16:40:24,1065004212462460000 
2022-01-17 16:40:24,1065005213189850000 
2022-01-17 16:41:29,1064984386893420000 
2022-01-17 16:42:34,1064953390114440000 
2022-01-17 16:42:34,1064958758823560000 
2022-01-17 16:43:38,1064930485053850000 
2022-01-17 16:43:38,1064927332547850000 
2022-01-17 16:45:53,1064906287208090000 
2022-01-17 16:45:53,1064909796196380000 
2022-01-17 16:45:53,1064878369920670000 
2022-01-17 16:45:53,1064884026392600000 
2022-01-17 16:46:52,1064848451178480000 
2022-01-17 16:46:52,1064852170620160000 
2022-01-17 16:46:52,1064854820614980000 
2022-01-17 16:47:56,1064819172386420000 
2022-01-17 16:49:00,1064800845760970000 
2022-01-17 16:50:05,1064801060509340000 
2022-01-17 16:50:05,1064801777768870000 
2022-01-17 16:51:09,1064794334590550000 
2022-01-17 16:51:09,1064801060509340000 
2022-01-17 16:51:09,1064792612308660000 
2022-01-17 16:51:09,1064794978835640000 
2022-01-17 16:51:09,1064801060509340000 
2022-01-17 16:51:09,1064801060509340000 
2022-01-17 16:52:13,1064792255826380000 
2022-01-17 16:52:13,1064794978835640000 
2022-01-17 16:52:13,1064794046827740000 
2022-01-17 16:52:13,1064792041078010000 
2022-01-17 16:52:13,1064792685323110000 
2022-01-17 16:52:13,1064790679573380000 
2022-01-17 16:52:13,1064792543589190000 
2022-01-17 16:53:18,1064800631012610000 
2022-01-17 16:53:18,1064799127774050000 
2022-01-17 16:53:18,1064795550066300000 
2022-01-17 16:53:18,1064792114092460000 
2022-01-17 16:53:18,1064801490006070000 
2022-01-17 16:53:18,1064801992517240000 
2022-01-17 16:54:22,1064800987494890000 
2022-01-17 16:55:26,1064800132796400000 
2022-01-17 16:55:26,1064801348272150000 
2022-01-17 16:55:26,1064800489278690000 
2022-01-17 16:55:26,1064801133523780000 
2022-01-17 16:55:26,1064800845760970000 
2022-01-17 16:55:26,1064802490733450000 
2022-01-17 16:56:31,1064797482801580000 
2022-01-17 16:56:31,1064795335317930000 
2022-01-17 16:56:31,1064794618058390000 
2022-01-17 16:56:31,1064796267325840000 
2022-01-17 16:56:31,1064793690345460000 
2022-01-17 16:56:31,1064798200061120000 
2022-01-17 16:57:35,1064795477051850000 
2022-01-17 16:57:35,1064796336045310000 
2022-01-17 16:57:35,1064796692527600000 
2022-01-17 16:57:35,1064796838556480000 
2022-01-17 16:57:35,1064797195038770000 
2022-01-17 16:57:35,1064797268053210000 
2022-01-17 16:57:35,1064799127774050000 
2022-01-17 16:58:39,1064807575974720000 
2022-01-17 16:58:39,1064808937479360000 
2022-01-17 16:58:39,1064807502960280000 
2022-01-17 16:58:39,1064809366976090000 
2022-01-17 16:58:39,1064801777768870000 
2022-01-17 16:58:40,1064797482801580000 
2022-01-17 16:59:44,1064800918775410000 
2022-01-17 16:59:44,1064798556543400000 
2022-01-17 16:59:44,1064798913025690000 
2022-01-17 16:59:44,1064798913025690000 
2022-01-17 16:59:44,1064799127774050000 
2022-01-17 16:59:44,1064802348999520000 
2022-01-17 16:59:44,1064808288939300000 
2022-01-17 17:00:48,1064794545043950000 
2022-01-17 17:00:48,1064801060509330000 
2022-01-17 17:00:48,1064799986767510000 
2022-01-17 17:00:48,1064798054032230000 
2022-01-17 17:00:48,1064797985312750000 
2022-01-17 17:00:48,1064795906548580000 
2022-01-17 17:01:53,1064790967336190000 
2022-01-17 17:01:54,1064799488551310000 
2022-01-17 17:01:54,1064790967336190000 
2022-01-17 17:01:54,1064796692527600000 
2022-01-17 17:01:54,1064790825602270000 
2022-01-17 17:01:54,1064796052577470000 
2022-01-17 17:01:54,1064796052577470000 
2022-01-17 17:02:58,1064794905821200000 
2022-01-17 17:02:58,1064790967336190000 
2022-01-17 17:02:58,1064791040350630000 
2022-01-17 17:02:58,1064792328840820000 
2022-01-17 17:02:58,1064789322363710000 
2022-01-17 17:02:58,1064789249349270000 
2022-01-17 17:04:02,1064799699004700000 
2022-01-17 17:04:02,1064799772019150000 
2022-01-17 17:04:02,1064795623080740000 
2022-01-17 17:04:02,1064798127046670000 
2022-01-17 17:04:02,1064798268780590000 
2022-01-17 17:04:02,1064798625262880000 
2022-01-17 17:04:02,1064797122024330000 
2022-01-17 17:05:06,1064799630285230000 
2022-01-17 17:05:06,1064801206538230000 
2022-01-17 17:05:06,1064800132796400000 
2022-01-17 17:05:06,1064798771291770000 
2022-01-17 17:05:06,1064797122024330000 
2022-01-17 17:05:06,1064797697549950000 
2022-01-17 17:06:11,1064795335317930000 
2022-01-17 17:06:11,1064795477051850000 
2022-01-17 17:06:11,1064798200061120000 
2022-01-17 17:06:11,1064799699004710000 
2022-01-17 17:06:11,1064796409059760000 
2022-01-17 17:06:11,1064796121296950000 
2022-01-17 17:07:15,1064798698277330000 
2022-01-17 17:07:15,1064792827057030000 
2022-01-17 17:07:15,1064803710504160000 
2022-01-17 17:07:15,1064792758337550000 
2022-01-17 17:07:15,1064794119842190000 
2022-01-17 17:07:15,1064793617331010000 
2022-01-17 17:07:15,1064793759064930000 
2022-01-17 17:08:19,1064799127774050000 
2022-01-17 17:08:19,1064798844306210000 
2022-01-17 17:08:19,1064802065531690000 
2022-01-17 17:08:19,1064803066259070000 
2022-01-17 17:08:19,1064800631012610000 
2022-01-17 17:08:19,1064804496483180000 
2022-01-17 17:09:24,1064793832079380000 
2022-01-17 17:09:24,1064795550066290000 
2022-01-17 17:09:24,1064793900798850000 
2022-01-17 17:09:24,1064800132796400000 
2022-01-17 17:09:24,1064801348272140000 
2022-01-17 17:09:24,1064797195038770000 
2022-01-17 17:09:24,1064797555816020000 
2022-01-17 17:10:28,1064794334590550000 
2022-01-17 17:10:28,1064794618058390000 
2022-01-17 17:10:28,1064792758337550000 
2022-01-17 17:10:28,1064793900798850000 
2022-01-17 17:10:28,1064792973085920000 
2022-01-17 17:10:28,1064794403310020000 
2022-01-17 17:11:33,1064790469119980000 
2022-01-17 17:11:33,1064792328840820000 
2022-01-17 17:11:33,1064791611581280000 
2022-01-17 17:11:33,1064791396832920000 
2022-01-17 17:11:33,1064793187834280000 
2022-01-17 17:11:33,1064792470574740000 
2022-01-17 17:11:33,1064795906548580000 
2022-01-17 17:12:37,1064802348999520000 
2022-01-17 17:12:37,1064791396832920000 
2022-01-17 17:12:37,1064791826329650000 
2022-01-17 17:12:37,1064799699004700000 
2022-01-17 17:12:37,1064791757610170000 
2022-01-17 17:12:37,1064798913025690000 
2022-01-17 17:13:42,1064801348272140000 
2022-01-17 17:13:42,1064801563020510000 
2022-01-17 17:13:42,1064795979563020000 
2022-01-17 17:13:42,1064801992517240000 
2022-01-17 17:13:42,1064800918775410000 
2022-01-17 17:13:42,1064801060509330000 
2022-01-17 17:13:42,1064799200788500000 
2022-01-17 17:14:46,1064798986040130000 
2022-01-17 17:14:46,1064799557270780000 
2022-01-17 17:14:46,1064799488551300000 
2022-01-17 17:14:46,1064801992517240000 
2022-01-17 17:14:46,1064800704027050000 
2022-01-17 17:14:46,1064800845760970000 
2022-01-17 17:15:50,1064799200788490000 
2022-01-17 17:15:50,1064796550793670000 
2022-01-17 17:15:50,1064798556543400000 
2022-01-17 17:15:50,1064795833534130000 
2022-01-17 17:15:50,1064797122024320000 
2022-01-17 17:15:50,1064799273802940000 
2022-01-17 17:16:55,1064797697549940000 
2022-01-17 17:16:55,1064792900071470000 
2022-01-17 17:16:55,1064793900798850000 
2022-01-17 17:16:55,1064794261576110000 
2022-01-17 17:16:55,1064794905821200000 
2022-01-17 17:16:55,1064796550793680000 
2022-01-17 17:16:55,1064794905821200000 
2022-01-17 17:17:59,1064795691800220000 
2022-01-17 17:17:59,1064791899344100000 
2022-01-17 17:17:59,1064791899344100000 
2022-01-17 17:17:59,1064790967336190000 
2022-01-17 17:17:59,1064792612308670000 
2022-01-17 17:17:59,1064792255826380000 
2022-01-17 17:19:03,1064796336045310000 
2022-01-17 17:19:04,1064798483528960000 
2022-01-17 17:19:04,1064802065531680000 
2022-01-17 17:19:04,1064797912298310000 
2022-01-17 17:19:04,1064801490006060000 
2022-01-17 17:19:04,1064797839283860000 
2022-01-17 17:19:04,1064797195038770000 
2022-01-17 17:20:08,1064796980290400000 
2022-01-17 17:20:08,1064795906548580000 
2022-01-17 17:20:08,1064796409059750000 
2022-01-17 17:20:08,1064794119842180000 
2022-01-17 17:20:08,1064792612308660000 
2022-01-17 17:20:08,1064791968063570000 
2022-01-17 17:21:13,1064788175607450000 
2022-01-17 17:21:13,1064784456165770000 
2022-01-17 17:21:13,1064784026669040000 
2022-01-17 17:21:13,1064789034600910000 
2022-01-17 17:21:13,1064790752587820000 
2022-01-17 17:21:13,1064791323818470000 
2022-01-17 17:21:13,1064793973813290000 
2022-01-17 17:22:17,1064784812648060000 
2022-01-17 17:22:17,1064782377401600000 
2022-01-17 17:22:17,1064788102593010000 
2022-01-17 17:22:17,1064783236395060000 
2022-01-17 17:22:17,1064788463370260000 
2022-01-17 17:22:17,1064792041078020000 
2022-01-17 17:23:21,1064787458347910000 
2022-01-17 17:23:21,1064779087456650000 
2022-01-17 17:23:21,1064782020919320000 
2022-01-17 17:23:21,1064781303659780000 
2022-01-17 17:23:21,1064783592877340000 
2022-01-17 17:23:21,1064782377401600000 
2022-01-17 17:23:21,1064779297910050000 
2022-01-17 17:24:26,1064786169857720000 
2022-01-17 17:24:26,1064787892139610000 
2022-01-17 17:24:26,1064791684595730000 
2022-01-17 17:24:26,1064785740360990000 
2022-01-17 17:24:26,1064791323818480000 
2022-01-17 17:24:26,1064787389628430000 
2022-01-17 17:25:30,1064792470574740000 
2022-01-17 17:25:30,1064792470574740000 
2022-01-17 17:25:30,1064794046827740000 
2022-01-17 17:25:30,1064793256553760000 
2022-01-17 17:25:31,1064789180629800000 
2022-01-17 17:25:31,1064790752587820000 
2022-01-17 17:26:35,1064795906548580000 
2022-01-17 17:26:35,1064794046827740000 
2022-01-17 17:26:35,1064795047555120000 
2022-01-17 17:26:35,1064791396832920000 
2022-01-17 17:26:35,1064790679573380000 
2022-01-17 17:26:35,1064793544316570000 
2022-01-17 17:26:35,1064792114092460000 
2022-01-17 17:27:39,1064804784245980000 
2022-01-17 17:27:39,1064804784245980000 
2022-01-17 17:27:39,1064807288211910000 
2022-01-17 17:27:39,1064794476324470000 
2022-01-17 17:27:39,1064795477051850000 
2022-01-17 17:27:39,1064805140728270000 
2022-01-17 17:28:43,1064789391083200000 
2022-01-17 17:28:43,1064788102593010000 
2022-01-17 17:28:43,1064799699004700000 
2022-01-17 17:28:43,1064803281007430000 
2022-01-17 17:28:43,1064797555816020000 
2022-01-17 17:28:43,1064804066986440000 
2022-01-17 17:28:43,1064798200061120000 
2022-01-17 17:29:48,1064791182084560000 
2022-01-17 17:29:48,1064790967336190000 
2022-01-17 17:29:48,1064792973085920000 
2022-01-17 17:29:48,1064794618058390000 
2022-01-17 17:29:48,1064789107615350000 
2022-01-17 17:29:48,1064778511931040000 
2022-01-17 17:30:52,1064793617331010000 
2022-01-17 17:30:52,1064794832806760000 
2022-01-17 17:30:52,1064796121296950000 
2022-01-17 17:30:52,1064792685323110000 
2022-01-17 17:30:52,1064794119842190000 
2022-01-17 17:30:52,1064794476324470000 
2022-01-17 17:30:52,1064792401855270000 
2022-01-17 17:31:56,1064799054759610000 
2022-01-17 17:31:56,1064799273802940000 
2022-01-17 17:31:56,1064799273802940000 
2022-01-17 17:31:56,1064795979563020000 
2022-01-17 17:31:56,1064794403310030000 
2022-01-17 17:31:56,1064794403310030000 
2022-01-17 17:33:01,1064804208720360000 
2022-01-17 17:33:01,1064804354749250000 
2022-01-17 17:33:01,1064801563020510000 
2022-01-17 17:33:01,1064800274530320000 
2022-01-17 17:33:01,1064800201515870000 
2022-01-17 17:33:01,1064799845033590000 
2022-01-17 17:33:01,1064799630285220000 
2022-01-17 17:34:05,1064813872396780000 
2022-01-17 17:34:05,1064807073463550000 
2022-01-17 17:34:05,1064810797200190000 
2022-01-17 17:34:05,1064805501505520000 
2022-01-17 17:34:05,1064813661943380000 
2022-01-17 17:34:05,1064806356204010000 
2022-01-17 17:35:10,1064800132796400000 
2022-01-17 17:35:10,1064804140000880000 
2022-01-17 17:35:10,1064802993244620000 
2022-01-17 17:35:10,1064804423468730000 
2022-01-17 17:35:10,1064801777768870000 
2022-01-17 17:35:10,1064812154409860000 
2022-01-17 17:36:14,1064797053304850000 
2022-01-17 17:36:14,1064796765542040000 
2022-01-17 17:36:14,1064796980290400000 
2022-01-17 17:36:14,1064798268780590000 
2022-01-17 17:36:14,1064798986040130000 
2022-01-17 17:36:14,1064798625262880000 
2022-01-17 17:36:14,1064800416264240000 
2022-01-17 17:37:19,1064796623808120000 
2022-01-17 17:37:19,1064796692527600000 
2022-01-17 17:37:19,1064798268780600000 
2022-01-17 17:37:19,1064800416264240000 
2022-01-17 17:37:19,1064800416264240000 
2022-01-17 17:37:19,1064798483528960000 
2022-01-17 17:38:23,1064795691800210000 
2022-01-17 17:38:23,1064797839283860000 
2022-01-17 17:38:23,1064798200061120000 
2022-01-17 17:38:23,1064795833534140000 
2022-01-17 17:38:23,1064795833534140000 
2022-01-17 17:38:23,1064794978835640000 
2022-01-17 17:38:23,1064795979563030000 
2022-01-17 17:39:28,1064793475597090000 
2022-01-17 17:39:28,1064796267325830000 
2022-01-17 17:39:28,1064793475597090000 
2022-01-17 17:39:28,1064794188561660000 
2022-01-17 17:39:28,1064794759792310000 
2022-01-17 17:39:28,1064795906548580000 
2022-01-17 17:40:32,1064787247894510000 
2022-01-17 17:40:32,1064789678846000000 
2022-01-17 17:40:32,1064791323818480000 
2022-01-17 17:40:32,1064790181357180000 
2022-01-17 17:40:32,1064786242872170000 
2022-01-17 17:40:32,1064784812648060000 
2022-01-17 17:40:32,1064790610853910000 
2022-01-17 17:41:36,1064793187834280000 
2022-01-17 17:41:36,1064791757610170000 
2022-01-17 17:41:36,1064789966608810000 
2022-01-17 17:41:36,1064789464097640000 
2022-01-17 17:41:36,1064788321636340000 
2022-01-17 17:41:36,1064785242144790000 
2022-01-17 17:42:41,1064796911570930000 
2022-01-17 17:42:41,1064791757610170000 
2022-01-17 17:42:41,1064793832079380000 
2022-01-17 17:42:41,1064792470574740000 
2022-01-17 17:42:41,1064790323091100000 
2022-01-17 17:42:41,1064791542861810000 
2022-01-17 17:43:45,1064794476324470000 
2022-01-17 17:43:45,1064787819125160000 
2022-01-17 17:43:45,1064789464097640000 
2022-01-17 17:43:45,1064793832079380000 
2022-01-17 17:43:45,1064791684595730000 
2022-01-17 17:43:45,1064794545043950000 
2022-01-17 17:43:45,1064796838556480000 
2022-01-17 17:44:49,1064793256553760000 
2022-01-17 17:44:49,1064791611581290000 
2022-01-17 17:44:49,1064789751860450000 
2022-01-17 17:44:49,1064791396832920000 
2022-01-17 17:44:49,1064794691072840000 
2022-01-17 17:44:49,1064794618058390000 
2022-01-17 17:45:54,1064795764814660000 
2022-01-17 17:45:54,1064798054032230000 
2022-01-17 17:45:54,1064799488551300000 
2022-01-17 17:45:54,1064797409787130000 
2022-01-17 17:45:54,1064792612308670000 
2022-01-17 17:45:54,1064790825602270000 
2022-01-17 17:45:54,1064793759064930000 
2022-01-17 17:46:58,1064792041078010000 
2022-01-17 17:46:58,1064788819852540000 
2022-01-17 17:46:58,1064793832079380000 
2022-01-17 17:46:58,1064791182084560000 
2022-01-17 17:46:58,1064788892866990000 
2022-01-17 17:46:58,1064792401855270000 
2022-01-17 17:48:03,1064789391083190000 
2022-01-17 17:48:03,1064795764814660000 
2022-01-17 17:48:03,1064788248621890000 
2022-01-17 17:48:03,1064792187106900000 
2022-01-17 17:48:03,1064790396105540000 
2022-01-17 17:48:03,1064794759792310000 
2022-01-17 17:48:03,1064794618058390000 
2022-01-17 17:49:08,1064783665891790000 
2022-01-17 17:49:08,1064786603649420000 
2022-01-17 17:49:08,1064788248621890000 
2022-01-17 17:49:08,1064789464097640000 
2022-01-17 17:49:08,1064789034600910000 
2022-01-17 17:49:08,1064789034600910000 
2022-01-17 17:50:11,1064775221986080000 
2022-01-17 17:50:11,1064779942155140000 
2022-01-17 17:50:11,1064774216963740000 
2022-01-17 17:50:11,1064775363720010000 
2022-01-17 17:50:11,1064785813375440000 
2022-01-17 17:50:12,1064774792489350000 
2022-01-17 17:50:12,1064783738906230000 
2022-01-17 17:51:16,1064770639255980000 
2022-01-17 17:51:16,1064772430257340000 
2022-01-17 17:51:16,1064777867685940000 
2022-01-17 17:51:16,1064778799693840000 
2022-01-17 17:51:16,1064772000760610000 
2022-01-17 17:51:16,1064775290705560000 
2022-01-17 17:52:20,1064782377401600000 
2022-01-17 17:52:20,1064776076684580000 
2022-01-17 17:52:20,1064772211214010000 
2022-01-17 17:52:20,1064770712270430000 
2022-01-17 17:52:20,1064768564786780000 
2022-01-17 17:52:20,1064770712270420000 
2022-01-17 17:53:25,1064793187834280000 
2022-01-17 17:53:25,1064791757610170000 
2022-01-17 17:53:25,1064789537112080000 
2022-01-17 17:53:25,1064782738178850000 
2022-01-17 17:53:25,1064785383878710000 
2022-01-17 17:53:25,1064792758337550000 
2022-01-17 17:53:25,1064783807625710000 
2022-01-17 17:54:29,1064794334590550000 
2022-01-17 17:54:29,1064793617331010000 
2022-01-17 17:54:29,1064793402582650000 
2022-01-17 17:54:29,1064792973085920000 
2022-01-17 17:54:29,1064794759792320000 
2022-01-17 17:54:29,1064792114092460000 
2022-01-17 17:55:34,1064788248621890000 
2022-01-17 17:55:34,1064791255099000000 
2022-01-17 17:55:34,1064788678118620000 
2022-01-17 17:55:34,1064787531362350000 
2022-01-17 17:55:34,1064790610853900000 
2022-01-17 17:55:34,1064790323091100000 
2022-01-17 17:55:34,1064793114819840000 
2022-01-17 17:56:38,1064803354021880000 
2022-01-17 17:56:38,1064793900798850000 
2022-01-17 17:56:38,1064788819852540000 
2022-01-17 17:56:38,1064799342522420000 
2022-01-17 17:56:38,1064787746110720000 
2022-01-17 17:56:38,1064786457620530000 
2022-01-17 17:57:43,1064774504726550000 
2022-01-17 17:57:43,1064786388901050000 
2022-01-17 17:57:43,1064788678118630000 
2022-01-17 17:57:43,1064799986767520000 
2022-01-17 17:57:43,1064803207992990000 
2022-01-17 17:57:43,1064802422013970000 
2022-01-17 17:57:43,1064801206538230000 
2022-01-17 17:58:47,1064780805443570000 
2022-01-17 17:58:47,1064776866958560000 
2022-01-17 17:58:47,1064783880640150000 
2022-01-17 17:58:47,1064782450416040000 
2022-01-17 17:58:47,1064779156176130000 
2022-01-17 17:58:47,1064774431712100000 
2022-01-17 17:59:51,1064791899344090000 
2022-01-17 17:59:51,1064787101865620000 
2022-01-17 17:59:51,1064788102593000000 
2022-01-17 17:59:51,1064786745383340000 
2022-01-17 17:59:51,1064786242872170000 
2022-01-17 17:59:51,1064788678118620000 
2022-01-17 17:59:51,1064787174880070000 
2022-01-17 18:00:56,1064796765542040000 
2022-01-17 18:00:56,1064793973813300000 
2022-01-17 18:00:56,1064794691072840000 
2022-01-17 18:00:56,1064792973085920000 
2022-01-17 18:00:56,1064793832079380000 
2022-01-17 18:00:56,1064792758337550000 
2022-01-17 18:02:00,1064801850783320000 
2022-01-17 18:02:00,1064801206538220000 
2022-01-17 18:02:00,1064796911570930000 
2022-01-17 18:02:00,1064803925252520000 
2022-01-17 18:02:00,1064802348999520000 
2022-01-17 18:02:00,1064799342522410000 
2022-01-17 18:03:05,1064790894321750000 
2022-01-17 18:03:05,1064798200061110000 
2022-01-17 18:03:05,1064797766269420000 
2022-01-17 18:03:05,1064792612308660000 
2022-01-17 18:03:05,1064798127046670000 
2022-01-17 18:03:05,1064800132796400000 
2022-01-17 18:03:05,1064802065531680000 
2022-01-17 18:04:09,1064798844306210000 
2022-01-17 18:04:09,1064791113365080000 
2022-01-17 18:04:09,1064791542861810000 
2022-01-17 18:04:09,1064795189289040000 
2022-01-17 18:04:09,1064800489278680000 
2022-01-17 18:04:09,1064788175607450000 
2022-01-17 18:05:13,1064796550793670000 
2022-01-17 18:05:13,1064797839283860000 
2022-01-17 18:05:13,1064796980290400000 
2022-01-17 18:05:13,1064795262303480000 
2022-01-17 18:05:13,1064794334590550000 
2022-01-17 18:05:13,1064791684595730000 
2022-01-17 18:05:13,1064797766269420000 
2022-01-17 18:06:18,1064798913025680000 
2022-01-17 18:06:18,1064795550066290000 
2022-01-17 18:06:18,1064791469847360000 
2022-01-17 18:06:18,1064793900798850000 
2022-01-17 18:06:18,1064797985312750000 
2022-01-17 18:06:18,1064791255099000000 
2022-01-17 18:07:22,1064775221986080000 
2022-01-17 18:07:22,1064781088911410000 
2022-01-17 18:07:22,1064795335317930000 
2022-01-17 18:07:22,1064801919502790000 
2022-01-17 18:07:23,1064790537839460000 
2022-01-17 18:07:23,1064788102593000000 
2022-01-17 18:07:23,1064799273802940000 
2022-01-17 18:08:27,1064764626301760000 
2022-01-17 18:08:27,1064770209759250000 
2022-01-17 18:08:27,1064765914791950000 
2022-01-17 18:08:27,1064764626301760000 
2022-01-17 18:08:27,1064763982056670000 
2022-01-17 18:08:27,1064764055071110000 
2022-01-17 18:09:31,1064764626301760000 
2022-01-17 18:09:31,1064764626301760000 
2022-01-17 18:09:31,1064764626301760000 
2022-01-17 18:09:31,1064764626301760000 
2022-01-17 18:09:31,1064764626301760000 
2022-01-17 18:09:31,1064764626301760000 
2022-01-17 18:09:31,1064764626301760000 
2022-01-17 18:10:36,1064764626301760000 
2022-01-17 18:10:36,1064764626301760000 
2022-01-17 18:10:36,1064764626301760000 
2022-01-17 18:10:36,1064764626301760000 
2022-01-17 18:10:36,1064764626301760000 
2022-01-17 18:10:36,1064764626301760000 
2022-01-17 18:11:40,1064764626301760000 
2022-01-17 18:11:40,1064764626301760000 
2022-01-17 18:11:40,1064764626301760000 
2022-01-17 18:11:40,1064764626301760000 
2022-01-17 18:11:40,1064764626301760000 
2022-01-17 18:11:40,1064764626301760000 
2022-01-17 18:12:45,1064764626301760000 
2022-01-17 18:12:45,1064800557998160000 
2022-01-17 18:12:45,1064795764814660000 
2022-01-17 18:12:45,1064801777768870000 
2022-01-17 18:12:45,1064801704754430000 
2022-01-17 18:12:45,1064764626301760000 
2022-01-17 18:12:45,1064764626301760000 
2022-01-17 18:13:49,1064794905821200000 
2022-01-17 18:13:49,1064794905821200000 
2022-01-17 18:13:49,1064793256553760000 
2022-01-17 18:13:49,1064791826329650000 
2022-01-17 18:13:49,1064789678846000000 
2022-01-17 18:13:49,1064794978835650000 
2022-01-17 18:14:53,1064790967336190000 
2022-01-17 18:14:53,1064789391083190000 
2022-01-17 18:14:53,1064789893594370000 
2022-01-17 18:14:53,1064785813375440000 
2022-01-17 18:14:53,1064787101865630000 
2022-01-17 18:14:53,1064789180629800000 
2022-01-17 18:14:53,1064791113365080000 
2022-01-17 18:15:57,1064800777041490000 
2022-01-17 18:15:58,1064792685323110000 
2022-01-17 18:15:58,1064796623808120000 
2022-01-17 18:15:58,1064791469847360000 
2022-01-17 18:15:58,1064790323091100000 
2022-01-17 18:15:58,1064796121296940000 
2022-01-17 18:17:02,1064796838556480000 
2022-01-17 18:17:02,1064798844306210000 
2022-01-17 18:17:02,1064797766269420000 
2022-01-17 18:17:02,1064797697549940000 
2022-01-17 18:17:02,1064800777041490000 
2022-01-17 18:17:02,1064801060509330000 
2022-01-17 18:17:02,1064800987494890000 
2022-01-17 18:18:06,1064794832806760000 
2022-01-17 18:18:06,1064795979563020000 
2022-01-17 18:18:06,1064791684595730000 
2022-01-17 18:18:06,1064795906548580000 
2022-01-17 18:18:06,1064791255099000000 
2022-01-17 18:18:06,1064794403310030000 
2022-01-17 18:19:11,1064798200061120000 
2022-01-17 18:19:11,1064803354021870000 
2022-01-17 18:19:11,1064803925252520000 
2022-01-17 18:19:11,1064795120569570000 
2022-01-17 18:19:11,1064803710504160000 
2022-01-17 18:19:11,1064806502232900000 
2022-01-17 18:19:11,1064794691072840000 
2022-01-17 18:20:15,1064803066259060000 
2022-01-17 18:20:15,1064799699004700000 
2022-01-17 18:20:15,1064795623080740000 
2022-01-17 18:20:15,1064798268780590000 
2022-01-17 18:20:15,1064802920230180000 
2022-01-17 18:20:15,1064805140728270000 
2022-01-17 18:21:20,1064802993244620000 
2022-01-17 18:21:20,1064802993244620000 
2022-01-17 18:21:20,1064802993244620000 
2022-01-17 18:21:20,1064802993244620000 
2022-01-17 18:21:20,1064804140000890000 
2022-01-17 18:21:20,1064802709776780000 
2022-01-17 18:22:24,1064802993244620000 
2022-01-17 18:22:24,1064802993244620000 
2022-01-17 18:22:24,1064802993244620000 
2022-01-17 18:22:24,1064802993244620000 
2022-01-17 18:22:24,1064802993244620000 
2022-01-17 18:22:24,1064802993244620000 
2022-01-17 18:22:24,1064802993244620000 
2022-01-17 18:23:28,1064777940700380000 
2022-01-17 18:23:28,1064783382423940000 
2022-01-17 18:23:28,1064802993244620000 
2022-01-17 18:23:28,1064777940700380000 
2022-01-17 18:23:28,1064802993244620000 
2022-01-17 18:23:28,1064783382423940000 
2022-01-17 18:24:33,1064797697549940000 
2022-01-17 18:24:33,1064807219492440000 
2022-01-17 18:24:34,1064789893594370000 
2022-01-17 18:24:34,1064794978835640000 
2022-01-17 18:24:34,1064793475597090000 
2022-01-17 18:24:34,1064796550793670000 
2022-01-17 18:24:34,1064804208720360000 
2022-01-17 18:25:37,1064792900071470000 
2022-01-17 18:25:38,1064795120569560000 
2022-01-17 18:25:38,1064798771291760000 
2022-01-17 18:25:38,1064792900071470000 
2022-01-17 18:25:38,1064798127046670000 
2022-01-17 18:25:38,1064797268053210000 
2022-01-17 18:26:42,1064792900071470000 
2022-01-17 18:26:42,1064792900071470000 
2022-01-17 18:26:42,1064792900071470000 
2022-01-17 18:26:42,1064792900071470000 
2022-01-17 18:26:42,1064792900071470000 
2022-01-17 18:26:42,1064792900071470000 
2022-01-17 18:26:42,1064792900071470000 
2022-01-17 18:27:46,1064792900071470000 
2022-01-17 18:27:46,1064792900071470000 
2022-01-17 18:27:46,1064792900071470000 
2022-01-17 18:27:46,1064792900071470000 
2022-01-17 18:27:46,1064792900071470000 
2022-01-17 18:27:46,1064792900071470000 
2022-01-17 18:28:51,1064792900071470000 
2022-01-17 18:28:51,1064792900071470000 
2022-01-17 18:28:51,1064792900071470000 
2022-01-17 18:28:51,1064792900071470000 
2022-01-17 18:28:51,1064792900071470000 
2022-01-17 18:28:51,1064792900071470000 
2022-01-17 18:28:51,1064792900071470000 
2022-01-17 18:29:55,1064798341795040000 
2022-01-17 18:29:55,1064795691800220000 
2022-01-17 18:29:55,1064792900071470000 
2022-01-17 18:29:55,1064796692527600000 
2022-01-17 18:29:55,1064795408332370000 
2022-01-17 18:29:55,1064794188561660000 
2022-01-17 18:30:59,1064791113365080000 
2022-01-17 18:30:59,1064793617331010000 
2022-01-17 18:30:59,1064797053304850000 
2022-01-17 18:30:59,1064798625262880000 
2022-01-17 18:30:59,1064794905821200000 
2022-01-17 18:30:59,1064795979563020000 
2022-01-17 18:32:04,1064788536384700000 
2022-01-17 18:32:04,1064787819125160000 
2022-01-17 18:32:04,1064788321636340000 
2022-01-17 18:32:04,1064789610126520000 
2022-01-17 18:32:04,1064791040350630000 
2022-01-17 18:32:04,1064788746838100000 
2022-01-17 18:32:04,1064791113365080000 
2022-01-17 18:33:08,1064789893594370000 
2022-01-17 18:33:08,1064790610853900000 
2022-01-17 18:33:08,1064788819852540000 
2022-01-17 18:33:08,1064789537112080000 
2022-01-17 18:33:08,1064788321636340000 
2022-01-17 18:33:08,1064789464097640000 
2022-01-17 18:34:13,1064791542861810000 
2022-01-17 18:34:13,1064791611581280000 
2022-01-17 18:34:13,1064790967336190000 
2022-01-17 18:34:13,1064789751860450000 
2022-01-17 18:34:13,1064790254371620000 
2022-01-17 18:34:13,1064790967336190000 
2022-01-17 18:34:13,1064788819852540000 
2022-01-17 18:35:17,1064798556543400000 
2022-01-17 18:35:17,1064797053304850000 
2022-01-17 18:35:17,1064793046100360000 
2022-01-17 18:35:17,1064797341067660000 
2022-01-17 18:35:17,1064799772019150000 
2022-01-17 18:35:17,1064795833534140000 
2022-01-17 18:36:22,1064798625262880000 
2022-01-17 18:36:22,1064797555816020000 
2022-01-17 18:36:22,1064798268780590000 
2022-01-17 18:36:22,1064795120569570000 
2022-01-17 18:36:22,1064795623080740000 
2022-01-17 18:36:22,1064796267325840000 
2022-01-17 18:36:22,1064799415536860000 
2022-01-17 18:37:26,1064802422013970000 
2022-01-17 18:37:26,1064800631012610000 
2022-01-17 18:37:26,1064797697549940000 
2022-01-17 18:37:26,1064795691800220000 
2022-01-17 18:37:26,1064798986040130000 
2022-01-17 18:37:26,1064803354021870000 
2022-01-17 18:38:31,1064784954381980000 
2022-01-17 18:38:31,1064784954381980000 
2022-01-17 18:38:31,1064784954381980000 
2022-01-17 18:38:31,1064784954381980000 
2022-01-17 18:38:31,1064791684595730000 
2022-01-17 18:38:31,1064788033873530000 
2022-01-17 18:39:35,1064791040350630000 
2022-01-17 18:39:35,1064793690345460000 
2022-01-17 18:39:35,1064795623080740000 
2022-01-17 18:39:35,1064790752587830000 
2022-01-17 18:39:35,1064790396105540000 
2022-01-17 18:39:35,1064796692527600000 
2022-01-17 18:39:35,1064794188561660000 
2022-01-17 18:40:39,1064796980290400000 
2022-01-17 18:40:39,1064789249349270000 
2022-01-17 18:40:39,1064789824874890000 
2022-01-17 18:40:39,1064796980290400000 
2022-01-17 18:40:39,1064795408332370000 
2022-01-17 18:40:39,1064790679573380000 
2022-01-17 18:41:43,1064799918048030000 
2022-01-17 18:41:43,1064792041078010000 
2022-01-17 18:41:43,1064796980290400000 
2022-01-17 18:41:43,1064799415536860000 
2022-01-17 18:41:43,1064796980290400000 
2022-01-17 18:41:43,1064796980290400000 
2022-01-17 18:41:44,1064796980290400000 
2022-01-17 18:42:48,1064795906548580000 
2022-01-17 18:42:48,1064797409787130000 
2022-01-17 18:42:48,1064800416264240000 
2022-01-17 18:42:48,1064796121296950000 
2022-01-17 18:42:48,1064796409059750000 
2022-01-17 18:42:48,1064799054759610000 
2022-01-17 18:43:53,1064794403310030000 
2022-01-17 18:43:53,1064795262303490000 
2022-01-17 18:43:53,1064795047555120000 
2022-01-17 18:43:53,1064795408332370000 
2022-01-17 18:43:53,1064795833534130000 
2022-01-17 18:43:53,1064795550066290000 
2022-01-17 18:43:53,1064795833534140000 
2022-01-17 18:44:57,1064793832079380000 
2022-01-17 18:44:57,1064793690345460000 
2022-01-17 18:44:57,1064796765542040000 
2022-01-17 18:44:57,1064797839283860000 
2022-01-17 18:44:57,1064794618058390000 
2022-01-17 18:44:57,1064797195038770000 
2022-01-17 18:46:01,1064803925252520000 
2022-01-17 18:46:01,1064807717708640000 
2022-01-17 18:46:01,1064802778496250000 
2022-01-17 18:46:01,1064803783518600000 
2022-01-17 18:46:01,1064807863737530000 
2022-01-17 18:46:01,1064799772019150000 
2022-01-17 18:46:01,1064796838556480000 
2022-01-17 18:47:06,1064804925979900000 
2022-01-17 18:47:06,1064803925252520000 
2022-01-17 18:47:06,1064804925979900000 
2022-01-17 18:47:06,1064801919502790000 
2022-01-17 18:47:06,1064802851510700000 
2022-01-17 18:47:06,1064804925979900000 
2022-01-17 18:48:10,1064800201515870000 
2022-01-17 18:48:10,1064799342522420000 
2022-01-17 18:48:10,1064796409059750000 
2022-01-17 18:48:11,1064802275985080000 
2022-01-17 18:48:11,1064806141455650000 
2022-01-17 18:48:11,1064793046100360000 
2022-01-17 18:49:14,1064818382112440000 
2022-01-17 18:49:14,1064814877419130000 
2022-01-17 18:49:14,1064822393611900000 
2022-01-17 18:49:14,1064812944683840000 
2022-01-17 18:49:14,1064812729935480000 
2022-01-17 18:49:14,1064818313392970000 
2022-01-17 18:49:14,1064808434968180000 
2022-01-17 18:50:19,1064798913025690000 
2022-01-17 18:50:19,1064808005471450000 
2022-01-17 18:50:19,1064805857987810000 
2022-01-17 18:50:19,1064807361226360000 
2022-01-17 18:50:19,1064807790723090000 
2022-01-17 18:50:19,1064809508710010000 
2022-01-17 18:51:23,1064801421286590000 
2022-01-17 18:51:23,1064797555816020000 
2022-01-17 18:51:23,1064797697549940000 
2022-01-17 18:51:23,1064795623080740000 
2022-01-17 18:51:23,1064796121296950000 
2022-01-17 18:51:23,1064795408332380000 
2022-01-17 18:51:23,1064797624535500000 
2022-01-17 18:52:28,1064781947904870000 
2022-01-17 18:52:28,1064782308682120000 
2022-01-17 18:52:28,1064780015169580000 
2022-01-17 18:52:28,1064782235667680000 
2022-01-17 18:52:28,1064785886389880000 
2022-01-17 18:52:28,1064794046827740000 
2022-01-17 18:53:32,1064790254371620000 
2022-01-17 18:53:32,1064793690345450000 
2022-01-17 18:53:32,1064787174880070000 
2022-01-17 18:53:32,1064792470574740000 
2022-01-17 18:53:32,1064786315886610000 
2022-01-17 18:53:32,1064782879912770000 
2022-01-17 18:53:32,1064782948632250000 
2022-01-17 18:54:37,1064797409787130000 
2022-01-17 18:54:37,1064786530634970000 
2022-01-17 18:54:37,1064785598627070000 
2022-01-17 18:54:37,1064790108342730000 
2022-01-17 18:54:37,1064795906548580000 
2022-01-17 18:54:37,1064788961586460000 
2022-01-17 18:55:41,1064797409787130000 
2022-01-17 18:55:41,1064797409787130000 
2022-01-17 18:55:41,1064797409787130000 
2022-01-17 18:55:41,1064797409787130000 
2022-01-17 18:55:41,1064797409787130000 
2022-01-17 18:55:41,1064797409787130000 
2022-01-17 18:55:41,1064797409787130000 
2022-01-17 18:56:46,1064797409787130000 
2022-01-17 18:56:46,1064797409787130000 
2022-01-17 18:56:46,1064797409787130000 
2022-01-17 18:56:46,1064797409787130000 
2022-01-17 18:56:46,1064797409787130000 
2022-01-17 18:56:46,1064797409787130000 
2022-01-17 18:57:50,1064797409787130000 
2022-01-17 18:57:50,1064797409787130000 
2022-01-17 18:57:50,1064797409787130000 
2022-01-17 18:57:50,1064797409787130000 
2022-01-17 18:57:50,1064797409787130000 
2022-01-17 18:57:50,1064797409787130000 
2022-01-17 18:58:54,1064797409787130000 
2022-01-17 18:58:54,1064797409787130000 
2022-01-17 18:58:54,1064797409787130000 
2022-01-17 18:58:54,1064797409787130000 
2022-01-17 18:58:54,1064797409787130000 
2022-01-17 18:58:55,1064797409787130000 
2022-01-17 18:58:55,1064797409787130000 
2022-01-17 18:59:59,1064797409787130000 
2022-01-17 18:59:59,1064797409787130000 
2022-01-17 18:59:59,1064797409787130000 
2022-01-17 18:59:59,1064797409787130000 
2022-01-17 18:59:59,1064797409787130000 
2022-01-17 18:59:59,1064797409787130000 
2022-01-17 19:01:03,1064797409787130000 
2022-01-17 19:01:03,1064797409787130000 
2022-01-17 19:01:03,1064797409787130000 
2022-01-17 19:01:03,1064797409787130000 
2022-01-17 19:01:03,1064797409787130000 
2022-01-17 19:01:03,1064797409787130000 
2022-01-17 19:01:03,1064797409787130000 
2022-01-17 19:02:07,1064797409787130000 
2022-01-17 19:02:07,1064797409787130000 
2022-01-17 19:02:07,1064797409787130000 
2022-01-17 19:02:07,1064797409787130000 
2022-01-17 19:02:07,1064797409787130000 
2022-01-17 19:02:07,1064797409787130000 
2022-01-17 19:03:12,1064783592877340000 
2022-01-17 19:03:12,1064797409787130000 
2022-01-17 19:03:12,1064797409787130000 
2022-01-17 19:03:12,1064797409787130000 
2022-01-17 19:03:12,1064797409787130000 
2022-01-17 19:03:12,1064787458347910000 
2022-01-17 19:04:16,1064786672368890000 
2022-01-17 19:04:16,1064790679573380000 
2022-01-17 19:04:16,1064788033873530000 
2022-01-17 19:04:16,1064784739633610000 
2022-01-17 19:04:16,1064787531362350000 
2022-01-17 19:04:16,1064786814102810000 
2022-01-17 19:05:21,1064794119842180000 
2022-01-17 19:05:21,1064791396832910000 
2022-01-17 19:05:21,1064789537112080000 
2022-01-17 19:05:21,1064794618058390000 
2022-01-17 19:05:21,1064795262303480000 
2022-01-17 19:05:21,1064796980290400000 
2022-01-17 19:05:21,1064789893594360000 
2022-01-17 19:06:25,1064793475597080000 
2022-01-17 19:06:25,1064793475597080000 
2022-01-17 19:06:25,1064793475597080000 
2022-01-17 19:06:25,1064795550066290000 
2022-01-17 19:06:25,1064798698277320000 
2022-01-17 19:06:25,1064797912298300000 
2022-01-17 19:07:29,1064793475597080000 
2022-01-17 19:07:30,1064793475597080000 
2022-01-17 19:07:30,1064793475597080000 
2022-01-17 19:07:30,1064793475597080000 
2022-01-17 19:07:30,1064793475597080000 
2022-01-17 19:07:30,1064793475597080000 
2022-01-17 19:08:34,1064793475597080000 
2022-01-17 19:08:34,1064793475597080000 
2022-01-17 19:08:34,1064793475597080000 
2022-01-17 19:08:34,1064793475597080000 
2022-01-17 19:08:34,1064793475597080000 
2022-01-17 19:08:34,1064793475597080000 
2022-01-17 19:08:34,1064793475597080000 
2022-01-17 19:09:38,1064793475597080000 
2022-01-17 19:09:38,1064793475597080000 
2022-01-17 19:09:38,1064793475597080000 
2022-01-17 19:09:38,1064793475597080000 
2022-01-17 19:09:38,1064793475597080000 
2022-01-17 19:09:38,1064793475597080000 
2022-01-17 19:10:43,1064793475597080000 
2022-01-17 19:10:43,1064793475597080000 
2022-01-17 19:10:43,1064793475597080000 
2022-01-17 19:10:43,1064793475597080000 
2022-01-17 19:10:43,1064793475597080000 
2022-01-17 19:10:43,1064793475597080000 
2022-01-17 19:10:43,1064793475597080000 
2022-01-17 19:11:48,1064793475597080000 
2022-01-17 19:11:48,1064793475597080000 
2022-01-17 19:11:48,1064793475597080000 
2022-01-17 19:11:48,1064793475597080000 
2022-01-17 19:11:48,1064793475597080000 
2022-01-17 19:11:48,1064793475597080000 
2022-01-17 19:12:52,1064793475597080000 
2022-01-17 19:12:52,1064793475597080000 
2022-01-17 19:12:52,1064793475597080000 
2022-01-17 19:12:52,1064793475597080000 
2022-01-17 19:12:52,1064793475597080000 
2022-01-17 19:12:52,1064793475597080000 
2022-01-17 19:12:52,1064793475597080000 
2022-01-17 19:13:56,1064793475597080000 
2022-01-17 19:13:56,1064793475597080000 
2022-01-17 19:13:56,1064793475597080000 
2022-01-17 19:13:56,1064793475597080000 
2022-01-17 19:13:56,1064793475597080000 
2022-01-17 19:13:56,1064793475597080000 
2022-01-17 19:15:01,1064809865192290000 
2022-01-17 19:15:01,1064809865192290000 
2022-01-17 19:15:01,1064793475597080000 
2022-01-17 19:15:01,1064809865192290000 
2022-01-17 19:15:01,1064793475597080000 
2022-01-17 19:16:05,1064809865192290000 
2022-01-17 19:16:05,1064809865192290000 
2022-01-17 19:16:05,1064809865192290000 
2022-01-17 19:16:05,1064809865192290000 
2022-01-17 19:16:05,1064809865192290000 
2022-01-17 19:16:05,1064809865192290000 
2022-01-17 19:17:09,1064809865192290000 
2022-01-17 19:17:09,1064809865192290000 
2022-01-17 19:17:09,1064809865192290000 
2022-01-17 19:17:09,1064809865192290000 
2022-01-17 19:17:09,1064809865192290000 
2022-01-17 19:17:09,1064809865192290000 
2022-01-17 19:18:29,1064797697549940000 
2022-01-17 19:18:29,1064794759792310000 
2022-01-17 19:18:29,1064777940700390000 
2022-01-17 19:18:29,1064792187106900000 
2022-01-17 19:18:29,1064809865192290000 
2022-01-17 19:19:33,1064793329568200000 
2022-01-17 19:19:33,1064794545043950000 
2022-01-17 19:19:33,1064797839283860000 
2022-01-17 19:19:33,1064799415536860000 
2022-01-17 19:19:33,1064797912298310000 
2022-01-17 19:19:33,1064795262303490000 
2022-01-17 19:19:33,1064803354021870000 
2022-01-17 19:20:37,1064802993244620000 
2022-01-17 19:20:38,1064795047555120000 
2022-01-17 19:20:38,1064803637489720000 
2022-01-17 19:20:38,1064793973813300000 
2022-01-17 19:20:38,1064799986767510000 
2022-01-17 19:20:38,1064796336045310000 
2022-01-17 19:21:42,1064791684595730000 
2022-01-17 19:21:42,1064797555816020000 
2022-01-17 19:21:42,1064792612308670000 
2022-01-17 19:21:42,1064790254371620000 
2022-01-17 19:21:42,1064798341795040000 
2022-01-17 19:21:42,1064791255099000000 
2022-01-17 19:21:42,1064796267325840000 
2022-01-17 19:22:47,1064787819125160000 
2022-01-17 19:22:47,1064790752587830000 
2022-01-17 19:22:47,1064787028851180000 
2022-01-17 19:22:47,1064790396105540000 
2022-01-17 19:22:47,1064789322363710000 
2022-01-17 19:22:47,1064789893594370000 
2022-01-17 19:23:51,1064782093933760000 
2022-01-17 19:23:51,1064781230645330000 
2022-01-17 19:23:51,1064780874163040000 
2022-01-17 19:23:51,1064782020919310000 
2022-01-17 19:23:51,1064780161198480000 
2022-01-17 19:23:51,1064777867685940000 
2022-01-17 19:23:51,1064781591422580000 
2022-01-17 19:24:55,1064785959404330000 
2022-01-17 19:24:55,1064776222713470000 
2022-01-17 19:24:55,1064776510476270000 
2022-01-17 19:24:55,1064779370924490000 
2022-01-17 19:24:55,1064777296455290000 
2022-01-17 19:24:55,1064777725952020000 
2022-01-17 19:26:00,1064794334590550000 
2022-01-17 19:26:00,1064794188561660000 
2022-01-17 19:26:00,1064797624535500000 
2022-01-17 19:26:00,1064792900071480000 
2022-01-17 19:26:00,1064790181357180000 
2022-01-17 19:26:00,1064798200061120000 
2022-01-17 19:27:04,1064795120569560000 
2022-01-17 19:27:04,1064791899344090000 
2022-01-17 19:27:04,1064791611581280000 
2022-01-17 19:27:04,1064794476324470000 
2022-01-17 19:27:04,1064793617331010000 
2022-01-17 19:27:04,1064793544316560000 
2022-01-17 19:27:04,1064792470574740000 
2022-01-17 19:28:08,1064824541095530000 
2022-01-17 19:28:08,1064794119842180000 
2022-01-17 19:28:08,1064819670602620000 
2022-01-17 19:28:08,1064815306915840000 
2022-01-17 19:28:08,1064801919502790000 
2022-01-17 19:28:08,1064817239651130000 
2022-01-17 19:29:13,1064829407293470000 
2022-01-17 19:29:13,1064821534618420000 
2022-01-17 19:29:13,1064810294689020000 
2022-01-17 19:29:13,1064814804404670000 
2022-01-17 19:29:13,1064826688579180000 
2022-01-17 19:29:13,1064829480307920000 
2022-01-17 19:29:13,1064833702260770000 
2022-01-17 19:30:17,1064796267325830000 
2022-01-17 19:30:17,1064794334590550000 
2022-01-17 19:30:17,1064800987494890000 
2022-01-17 19:30:17,1064790254371620000 
2022-01-17 19:30:17,1064800987494890000 
2022-01-17 19:30:17,1064809650443920000 
2022-01-17 19:31:22,1064803710504150000 
2022-01-17 19:31:22,1064803207992980000 
2022-01-17 19:31:22,1064801777768870000 
2022-01-17 19:31:22,1064798844306210000 
2022-01-17 19:31:22,1064802134251160000 
2022-01-17 19:31:22,1064803568770230000 
2022-01-17 19:31:22,1064797766269420000 
2022-01-17 19:32:26,1064816019880420000 
2022-01-17 19:32:26,1064813232446650000 
2022-01-17 19:32:27,1064817381385060000 
2022-01-17 19:32:27,1064815448649770000 
2022-01-17 19:32:27,1064807790723080000 
2022-01-17 19:32:27,1064806858715180000 
2022-01-17 19:33:30,1064784383151320000 
2022-01-17 19:33:30,1064782020919310000 
2022-01-17 19:33:30,1064783163380610000 
2022-01-17 19:33:31,1064782948632240000 
2022-01-17 19:33:31,1064806931729620000 
2022-01-17 19:33:31,1064799342522410000 
2022-01-17 19:33:31,1064812729935470000 
2022-01-17 19:34:35,1064770927018790000 
2022-01-17 19:34:35,1064767418030500000 
2022-01-17 19:34:35,1064770497522060000 
2022-01-17 19:34:35,1064768345743440000 
2022-01-17 19:34:35,1064782235667670000 
2022-01-17 19:34:35,1064768994283500000 
2022-01-17 19:35:40,1064795189289040000 
2022-01-17 19:35:40,1064776149699020000 
2022-01-17 19:35:40,1064760116586110000 
2022-01-17 19:35:40,1064758828095920000 
2022-01-17 19:35:40,1064768994283510000 
2022-01-17 19:35:40,1064770209759250000 
2022-01-17 19:36:44,1064818171659040000 
2022-01-17 19:36:44,1064808074190930000 
2022-01-17 19:36:44,1064801275257700000 
2022-01-17 19:36:44,1064802065531680000 
2022-01-17 19:36:44,1064800416264240000 
2022-01-17 19:36:44,1064802348999520000 
2022-01-17 19:36:44,1064799699004700000 
2022-01-17 19:37:48,1064803637489710000 
2022-01-17 19:37:48,1064802778496250000 
2022-01-17 19:37:48,1064817312665580000 
2022-01-17 19:37:49,1064807575974720000 
2022-01-17 19:37:49,1064803852238080000 
2022-01-17 19:37:49,1064802275985080000 
2022-01-17 19:38:53,1064789464097630000 
2022-01-17 19:38:53,1064789464097630000 
2022-01-17 19:38:53,1064789464097630000 
2022-01-17 19:38:53,1064791323818470000 
2022-01-17 19:38:53,1064796623808120000 
2022-01-17 19:38:53,1064795408332370000 
2022-01-17 19:38:53,1064798698277320000 
2022-01-17 19:39:57,1064789464097630000 
2022-01-17 19:39:57,1064789464097630000 
2022-01-17 19:39:57,1064789464097630000 
2022-01-17 19:39:57,1064789464097630000 
2022-01-17 19:39:57,1064789464097630000 
2022-01-17 19:39:57,1064789464097630000 
2022-01-17 19:41:02,1064789464097630000 
2022-01-17 19:41:02,1064789464097630000 
2022-01-17 19:41:02,1064789464097630000 
2022-01-17 19:41:02,1064789464097630000 
2022-01-17 19:41:02,1064789464097630000 
2022-01-17 19:41:02,1064789464097630000 
2022-01-17 19:41:02,1064789464097630000 
2022-01-17 19:42:06,1064789464097630000 
2022-01-17 19:42:06,1064789464097630000 
2022-01-17 19:42:06,1064789464097630000 
2022-01-17 19:42:06,1064789464097630000 
2022-01-17 19:42:06,1064789464097630000 
2022-01-17 19:42:06,1064789464097630000 
2022-01-17 19:43:10,1064789464097630000 
2022-01-17 19:43:10,1064789464097630000 
2022-01-17 19:43:10,1064789464097630000 
2022-01-17 19:43:10,1064789464097630000 
2022-01-17 19:43:10,1064789464097630000 
2022-01-17 19:43:10,1064789464097630000 
2022-01-17 19:43:10,1064789464097630000 
2022-01-17 19:44:15,1064789464097630000 
2022-01-17 19:44:15,1064789464097630000 
2022-01-17 19:44:15,1064789464097630000 
2022-01-17 19:44:15,1064789464097630000 
2022-01-17 19:44:15,1064789464097630000 
2022-01-17 19:44:15,1064789464097630000 
2022-01-17 19:45:19,1064789464097630000 
2022-01-17 19:45:19,1064789464097630000 
2022-01-17 19:45:19,1064789464097630000 
2022-01-17 19:45:19,1064789464097630000 
2022-01-17 19:45:19,1064789464097630000 
2022-01-17 19:45:19,1064789464097630000 
2022-01-17 19:46:24,1064789464097630000 
2022-01-17 19:46:24,1064789464097630000 
2022-01-17 19:46:24,1064789464097630000 
2022-01-17 19:46:24,1064789464097630000 
2022-01-17 19:46:24,1064789464097630000 
2022-01-17 19:46:24,1064789464097630000 
2022-01-17 19:46:24,1064789464097630000 
2022-01-17 19:47:29,1064789464097630000 
2022-01-17 19:47:29,1064789464097630000 
2022-01-17 19:48:32,1064789464097630000 
2022-01-17 19:48:32,1064789464097630000 
2022-01-17 19:48:32,1064789464097630000 
2022-01-17 19:48:32,1064789464097630000 
2022-01-17 19:48:32,1064789464097630000 
2022-01-17 19:48:32,1064789464097630000 
2022-01-17 19:48:32,1064789464097630000 
2022-01-17 19:49:37,1064789464097630000 
2022-01-17 19:49:37,1064789464097630000 
2022-01-17 19:50:41,1064789464097630000 
2022-01-17 19:50:41,1064789464097630000 
2022-01-17 19:50:41,1064789464097630000 
2022-01-17 19:50:41,1064789464097630000 
2022-01-17 19:50:41,1064789464097630000 
2022-01-17 19:50:41,1064789464097630000 
2022-01-17 19:50:41,1064789464097630000 
2022-01-17 19:51:45,1064789464097630000 
2022-01-17 19:51:46,1064789464097630000 
2022-01-17 19:52:50,1064789464097630000 
2022-01-17 19:52:50,1064789464097630000 
2022-01-17 19:52:50,1064789464097630000 
2022-01-17 19:52:50,1064789464097630000 
2022-01-17 19:52:50,1064789464097630000 
2022-01-17 19:52:50,1064789464097630000 
2022-01-17 19:52:50,1064789464097630000 
2022-01-17 19:53:54,1064789464097630000 
2022-01-17 19:53:54,1064789464097630000 
2022-01-17 19:54:59,1064788678118620000 
2022-01-17 19:54:59,1064788678118620000 
2022-01-17 19:54:59,1064788678118620000 
2022-01-17 19:56:03,1064788678118620000 
2022-01-17 19:56:03,1064788678118620000 
2022-01-17 19:56:03,1064788678118620000 
2022-01-17 19:56:03,1064788678118620000 
2022-01-17 19:56:03,1064788678118620000 
2022-01-17 19:56:03,1064788678118620000 
2022-01-17 19:56:03,1064788678118620000 
2022-01-17 19:57:07,1064780517680760000 
2022-01-17 19:57:07,1064788678118620000 
2022-01-17 19:57:07,1064788678118620000 
2022-01-17 19:57:07,1064788678118620000 
2022-01-17 19:57:07,1064788678118620000 
2022-01-17 19:57:08,1064788678118620000 
2022-01-17 19:58:12,1064780517680760000 
2022-01-17 19:58:12,1064780517680760000 
2022-01-17 19:58:12,1064780517680760000 
2022-01-17 19:58:12,1064780517680760000 
2022-01-17 19:58:12,1064780517680760000 
2022-01-17 19:58:12,1064780517680760000 
2022-01-17 19:58:12,1064780517680760000 
2022-01-17 19:59:17,1064780517680760000 
2022-01-17 19:59:17,1064780517680760000 
2022-01-17 19:59:17,1064780517680760000 
2022-01-17 19:59:17,1064780517680760000 
2022-01-17 20:00:21,1064780517680760000 
2022-01-17 20:00:21,1064780517680760000 
2022-01-17 20:00:21,1064780517680760000 
2022-01-17 20:00:21,1064780517680760000 
2022-01-17 20:00:21,1064780517680760000 
2022-01-17 20:00:21,1064780517680760000 
2022-01-17 20:00:21,1064780517680760000 
2022-01-17 20:01:25,1064780517680760000 
2022-01-17 20:01:25,1064780517680760000 
2022-01-17 20:01:25,1064780517680760000 
2022-01-17 20:01:25,1064780517680760000 
2022-01-17 20:02:29,1064780517680760000 
2022-01-17 20:02:30,1064780517680760000 
2022-01-17 20:02:30,1064780517680760000 
2022-01-17 20:02:30,1064780517680760000 
2022-01-17 20:02:30,1064780517680760000 
2022-01-17 20:02:30,1064780517680760000 
2022-01-17 20:02:30,1064780517680760000 
2022-01-17 20:03:34,1064780517680760000 
2022-01-17 20:03:34,1064780517680760000 
2022-01-17 20:03:34,1064780517680760000 
2022-01-17 20:03:34,1064780517680760000 
2022-01-17 20:04:39,1064780517680760000 
2022-01-17 20:04:39,1064780517680760000 
2022-01-17 20:04:39,1064780517680760000 
2022-01-17 20:04:39,1064780517680760000 
2022-01-17 20:04:39,1064780517680760000 
2022-01-17 20:04:39,1064780517680760000 
2022-01-17 20:04:39,1064780517680760000 
2022-01-17 20:05:43,1064780517680760000 
2022-01-17 20:05:43,1064780517680760000 
2022-01-17 20:05:43,1064780517680760000 
2022-01-17 20:05:43,1064780517680760000 
2022-01-17 20:06:47,1064780517680760000 
2022-01-17 20:06:48,1064780517680760000 
2022-01-17 20:06:48,1064780517680760000 
2022-01-17 20:06:48,1064780517680760000 
2022-01-17 20:06:48,1064780517680760000 
2022-01-17 20:06:48,1064780517680760000 
2022-01-17 20:06:48,1064780517680760000 
2022-01-17 20:07:51,1064780517680760000 
2022-01-17 20:07:51,1064780517680760000 
2022-01-17 20:07:51,1064780517680760000 
2022-01-17 20:07:51,1064780517680760000 
2022-01-17 20:08:56,1064780517680760000 
2022-01-17 20:08:56,1064780517680760000 
2022-01-17 20:08:56,1064780517680760000 
2022-01-17 20:08:56,1064780517680760000 
2022-01-17 20:08:56,1064780517680760000 
2022-01-17 20:08:56,1064780517680760000 
2022-01-17 20:08:56,1064780517680760000 
2022-01-17 20:10:00,1064780517680760000 
2022-01-17 20:10:00,1064780517680760000 
2022-01-17 20:10:00,1064780517680760000 
2022-01-17 20:10:00,1064780517680760000 
2022-01-17 20:11:05,1064780517680760000 
2022-01-17 20:11:05,1064780517680760000 
2022-01-17 20:11:05,1064780517680760000 
2022-01-17 20:11:05,1064780517680760000 
2022-01-17 20:11:05,1064780517680760000 
2022-01-17 20:11:05,1064780517680760000 
2022-01-17 20:11:05,1064780517680760000 
2022-01-17 20:12:09,1064780517680760000 
2022-01-17 20:12:09,1064780517680760000 
2022-01-17 20:12:09,1064780517680760000 
2022-01-17 20:12:09,1064780517680760000 
2022-01-17 20:13:14,1064780517680760000 
2022-01-17 20:13:14,1064780517680760000 
2022-01-17 20:13:14,1064780517680760000 
2022-01-17 20:13:14,1064780517680760000 
2022-01-17 20:13:14,1064780517680760000 
2022-01-17 20:13:14,1064780517680760000 
2022-01-17 20:13:14,1064780517680760000 
2022-01-17 20:14:18,1064780517680760000 
2022-01-17 20:14:18,1064780517680760000 
2022-01-17 20:14:18,1064780517680760000 
2022-01-17 20:14:18,1064780517680760000 
2022-01-17 20:15:22,1064780517680760000 
2022-01-17 20:15:22,1064780517680760000 
2022-01-17 20:15:22,1064780517680760000 
2022-01-17 20:15:22,1064780517680760000 
2022-01-17 20:15:22,1064780517680760000 
2022-01-17 20:15:22,1064780517680760000 
2022-01-17 20:15:22,1064780517680760000 
2022-01-17 20:16:27,1064780517680760000 
2022-01-17 20:16:27,1064780517680760000 
2022-01-17 20:16:27,1064780517680760000 
2022-01-17 20:17:31,1064780517680760000 
2022-01-17 20:17:31,1064780517680760000 
2022-01-17 20:17:31,1064780517680760000 
2022-01-17 20:17:31,1064780517680760000 
2022-01-17 20:17:31,1064780517680760000 
2022-01-17 20:17:31,1064780517680760000 
2022-01-17 20:17:31,1064780517680760000 
2022-01-17 20:18:36,1064780517680760000 
2022-01-17 20:18:36,1064780517680760000 
2022-01-17 20:18:36,1064780517680760000 
2022-01-17 20:18:36,1064780517680760000 
2022-01-17 20:19:40,1064780517680760000 
2022-01-17 20:19:40,1064780517680760000 
2022-01-17 20:19:40,1064780517680760000 
2022-01-17 20:19:40,1064780517680760000 
2022-01-17 20:19:40,1064780517680760000 
2022-01-17 20:19:40,1064780517680760000 
2022-01-17 20:19:40,1064780517680760000 
2022-01-17 20:20:44,1064780517680760000 
2022-01-17 20:20:44,1064780517680760000 
2022-01-17 20:20:44,1064780517680760000 
2022-01-17 20:20:44,1064780517680760000 
2022-01-17 20:21:49,1064780517680760000 
2022-01-17 20:21:49,1064780517680760000 
2022-01-17 20:21:49,1064780517680760000 
2022-01-17 20:21:49,1064780517680760000 
2022-01-17 20:21:49,1064780517680760000 
2022-01-17 20:21:49,1064780517680760000 
2022-01-17 20:21:49,1064780517680760000 
2022-01-17 20:22:54,1064780517680760000 
2022-01-17 20:22:54,1064780517680760000 
2022-01-17 20:22:54,1064780517680760000 
2022-01-17 20:22:54,1064780517680760000 
2022-01-17 20:23:58,1064780517680760000 
2022-01-17 20:23:58,1064780517680760000 
2022-01-17 20:23:58,1064780517680760000 
2022-01-17 20:23:58,1064780517680760000 
2022-01-17 20:23:58,1064780517680760000 
2022-01-17 20:23:58,1064780517680760000 
2022-01-17 20:23:58,1064780517680760000 
2022-01-17 20:25:02,1064780517680760000 
2022-01-17 20:25:02,1064780517680760000 
2022-01-17 20:25:02,1064780517680760000 
2022-01-17 20:25:02,1064780517680760000 
2022-01-17 20:26:06,1064780517680760000 
2022-01-17 20:26:06,1064780517680760000 
2022-01-17 20:26:06,1064780517680760000 
2022-01-17 20:26:06,1064780517680760000 
2022-01-17 20:26:06,1064780517680760000 
2022-01-17 20:26:06,1064780517680760000 
2022-01-17 20:26:07,1064780517680760000 
2022-01-17 20:27:11,1064780517680760000 
2022-01-17 20:27:11,1064780517680760000 
2022-01-17 20:27:11,1064780517680760000 
2022-01-17 20:27:11,1064780517680760000 
2022-01-17 20:28:15,1064780517680760000 
2022-01-17 20:28:15,1064780517680760000 
2022-01-17 20:28:15,1064780517680760000 
2022-01-17 20:28:15,1064780517680760000 
2022-01-17 20:28:15,1064780517680760000 
2022-01-17 20:28:15,1064780517680760000 
2022-01-17 20:28:15,1064780517680760000 
2022-01-17 20:30:24,1064780517680760000 
2022-01-17 20:30:24,1064780517680760000 
2022-01-17 20:30:24,1064780517680760000 
2022-01-17 20:30:24,1064780517680760000 
2022-01-17 20:30:24,1064780517680760000 
2022-01-17 20:30:24,1064780517680760000 
2022-01-17 20:30:24,1064780517680760000 
2022-01-17 20:32:33,1064780517680760000 
2022-01-17 20:32:33,1064780517680760000 
2022-01-17 20:32:33,1064780517680760000 
2022-01-17 20:32:33,1064780517680760000 
2022-01-17 20:32:33,1064780517680760000 
2022-01-17 20:32:33,1064780517680760000 
2022-01-17 20:32:33,1064780517680760000 
2022-01-17 20:34:42,1064780517680760000 
2022-01-17 20:34:42,1064780517680760000 
2022-01-17 20:34:42,1064780517680760000 
2022-01-17 20:34:42,1064780517680760000 
2022-01-17 20:34:42,1064780517680760000 
2022-01-17 20:34:42,1064780517680760000 
2022-01-17 20:34:42,1064780517680760000 
2022-01-17 20:36:50,1064780517680760000 
2022-01-17 20:36:50,1064780517680760000 
2022-01-17 20:36:50,1064780517680760000 
2022-01-17 20:36:50,1064780517680760000 
2022-01-17 20:36:50,1064780517680760000 
2022-01-17 20:36:50,1064780517680760000 
2022-01-17 20:36:50,1064780517680760000 
2022-01-17 20:38:59,1064780517680760000 
2022-01-17 20:38:59,1064780517680760000 
2022-01-17 20:38:59,1064780517680760000 
2022-01-17 20:38:59,1064780517680760000 
2022-01-17 20:38:59,1064780517680760000 
2022-01-17 20:38:59,1064780517680760000 
2022-01-17 20:38:59,1064780517680760000 
2022-01-17 20:41:08,1064780517680760000 
2022-01-17 20:41:08,1064780517680760000 
2022-01-17 20:41:08,1064780517680760000 
2022-01-17 20:41:08,1064780517680760000 
2022-01-17 20:41:08,1064780517680760000 
2022-01-17 20:41:08,1064780517680760000 
2022-01-17 20:41:08,1064780517680760000 
2022-01-17 20:43:17,1064780517680760000 
2022-01-17 20:43:17,1064780517680760000 
2022-01-17 20:43:17,1064780517680760000 
2022-01-17 20:43:17,1064780517680760000 
2022-01-17 20:43:17,1064780517680760000 
2022-01-17 20:43:17,1064780517680760000 
2022-01-17 20:43:17,1064780517680760000 
2022-01-17 20:45:25,1064780517680760000 
2022-01-17 20:45:25,1064780517680760000 
2022-01-17 20:45:25,1064780517680760000 
2022-01-17 20:45:25,1064780517680760000 
2022-01-17 20:45:25,1064780517680760000 
2022-01-17 20:45:25,1064780517680760000 
2022-01-17 20:45:25,1064780517680760000 
2022-01-17 20:47:34,1064780517680760000 
2022-01-17 20:47:34,1064780517680760000 
2022-01-17 20:47:34,1064780517680760000 
2022-01-17 20:47:34,1064780517680760000 
2022-01-17 20:47:34,1064780517680760000 
2022-01-17 20:47:34,1064780517680760000 
2022-01-17 20:47:34,1064780517680760000 
2022-01-17 20:49:43,1064780517680760000 
2022-01-17 20:49:43,1064780517680760000 
2022-01-17 20:49:43,1064780517680760000 
2022-01-17 20:49:43,1064780517680760000 
2022-01-17 20:49:43,1064780517680760000 
2022-01-17 20:49:43,1064780517680760000 
2022-01-17 20:49:43,1064780517680760000 
2022-01-17 20:51:52,1064780517680760000 
2022-01-17 20:51:52,1064780517680760000 
2022-01-17 20:51:52,1064780517680760000 
2022-01-17 20:51:52,1064780517680760000 
2022-01-17 20:51:52,1064780517680760000 
2022-01-17 20:51:52,1064780517680760000 
2022-01-17 20:51:52,1064780517680760000 
2022-01-17 20:54:00,1064780517680760000 
2022-01-17 20:54:00,1064780517680760000 
2022-01-17 20:54:00,1064780517680760000 
2022-01-17 20:54:00,1064780517680760000 
2022-01-17 20:54:00,1064780517680760000 
2022-01-17 20:54:00,1064780517680760000 
2022-01-17 20:54:00,1064780517680760000 
2022-01-17 20:56:09,1064780517680760000 
2022-01-17 20:56:09,1064780517680760000 
2022-01-17 20:56:09,1064780517680760000 
2022-01-17 20:56:09,1064780517680760000 
2022-01-17 20:56:09,1064780517680760000 
2022-01-17 20:56:09,1064780517680760000 
2022-01-17 20:56:09,1064780517680760000 
2022-01-17 20:58:18,1064780517680760000 
2022-01-17 20:58:18,1064780517680760000 
2022-01-17 20:58:18,1064780517680760000 
2022-01-17 20:58:18,1064780517680760000 
2022-01-17 20:58:18,1064780517680760000 
2022-01-17 20:58:19,1064780517680760000 
2022-01-17 20:58:19,1064780517680760000 
